On branch feature/axiom-namespace-alignment
Your branch is up to date with 'origin/feature/axiom-namespace-alignment'.

You have unmerged paths.
  (fix conflicts and run "git commit")
  (use "git merge --abort" to abort the merge)

Changes to be committed:
	modified:   .github/PULL_REQUEST_TEMPLATE.md
	modified:   .github/docs/workflow-patterns.md
	new file:   .github/workflows/integration-deployment.yml
	new file:   .github/workflows/teams-orchestrator.yml
	modified:   .gitignore
	new file:   .local/state/replit/agent/.agent_state_2ed820090d880b890de780202656117ed88a54d7.bin
	new file:   .local/state/replit/agent/.agent_state_30bd4787a764162f71a17ad0e2a13d6b06bc6da3.bin
	new file:   .local/state/replit/agent/.agent_state_3e16fe2f1273b20c63655b524fbdf8cd06dadf8c.bin
	new file:   .local/state/replit/agent/.agent_state_5edf226102629aeeba53d333dfccd331c5700df1.bin
	new file:   .local/state/replit/agent/.agent_state_66242b1bcf565cefca087203e5ef4bd149389199.bin
	new file:   .local/state/replit/agent/.agent_state_674f13577ef06e0675440a6b9f86231617a6fc7e.bin
	new file:   .local/state/replit/agent/.agent_state_9f4b4b0eb1c966db92163fab691920189f48044b.bin
	new file:   .local/state/replit/agent/.agent_state_bd9e4b77e26ce59ddaaf1870cac300a1be7ee405.bin
	new file:   .local/state/replit/agent/.agent_state_ca4a1e04793e968e11ef101af04c81f2c1581774.bin
	new file:   .local/state/replit/agent/.agent_state_ce859aaf6c9849f93bca38c26f7ec5cbf42e66fa.bin
	new file:   .local/state/replit/agent/.agent_state_ed4f700b8ad1b7161e3eaf49d2407bd75becdb0c.bin
	new file:   .local/state/replit/agent/.agent_state_main.bin
	new file:   .local/state/replit/agent/.latest.json
	new file:   .local/state/replit/agent/filesystem/filesystem_state.json
	new file:   .local/state/replit/agent/progress_tracker.md
	new file:   .local/state/replit/agent/repl_state.bin
	modified:   .replit
	new file:   .replit.zip
	modified:   AAPS_MARKETPLACE_INTEGRATION_PLAN.md
	modified:   ACCEPTANCE_CHECKLIST.md
	new file:   CI_FIX_SUMMARY.md
	modified:   MULTI_AGENT_MPC_ARCHITECTURE_DESIGN.md
	modified:   MULTI_AGENT_V1_SPECIFICATION_PACKAGE.md
	new file:   PR_666_IMPLEMENTATION_SUMMARY.md
	modified:   ROOT_ARCHITECTURE.md
	modified:   ROOT_SPECS_GUIDE.md
	new file:   VERIFICATION_REPORT.md
	new file:   __pycache__/guardrails_client.cpython-311.pyc
	deleted:    agents/super-agent/.dockerignore
	modified:   cloudflare/pages/_headers
	modified:   cloudflare/pages/_redirects
	new file:   cloudflare/workers/package-lock.json
	modified:   cloudflare/workers/package.json
	modified:   cloudflare/workers/src/durable-objects/rate-limiter.ts
	modified:   cloudflare/workers/src/index.ts
	new file:   conversion-report-new.md
	modified:   docs/AUTO_FIX_BOT_V2_GUIDE.md
	modified:   docs/AXIOM.md
	new file:   docs/CI_INTEGRATION_DEPLOYMENT_WORKFLOW.md
	modified:   docs/LEGACY_REFACTORING_EVOLUTION_REPORT.md
	modified:   docs/deployment/CLOUDFLARE_GITHUB_INTEGRATION.md
	modified:   docs/governance/04-canonical-naming-governance.md
	modified:   docs/migration/axiom-namespace-migration-guide.md
	modified:   docs/refactor_playbooks/01_deconstruction/HLP_EXECUTOR_CORE_DECONSTRUCTION.md
	modified:   docs/refactor_playbooks/01_deconstruction/kg-builder_deconstruction.md
	modified:   docs/refactor_playbooks/02_integration/HLP_EXECUTOR_CORE_INTEGRATION_MAPPING.md
	modified:   docs/refactor_playbooks/03_refactor/HLP_EXECUTOR_CORE_ACTION_PLAN.md
	modified:   docs/refactor_playbooks/03_refactor/HLP_EXECUTOR_CORE_INTEGRATION_SUMMARY.md
	modified:   docs/refactor_playbooks/03_refactor/axiom/axiom_complete_architecture.txt
	modified:   docs/refactor_playbooks/03_refactor/axiom/axiom_governance_foundation.txt
	modified:   docs/refactor_playbooks/03_refactor/axiom/axiom_immediate_deployment_plan.txt
	modified:   docs/refactor_playbooks/03_refactor/axiom/axiom_pr_execution_script.txt
	modified:   docs/refactor_playbooks/03_refactor/axiom/verified_axiom_architecture.txt
	modified:   docs/refactor_playbooks/03_refactor/kg-builder_refactor.md
	modified:   docs/refactor_playbooks/HLP_EXECUTOR_CORE_INDEX.md
	modified:   docs/refactor_playbooks/KG_BUILDER_INTEGRATION_SUMMARY.md
	modified:   docs/reports/LEGACY_REFACTORING_EVOLUTION_REPORT.md
	modified:   engine/machinenativenops-auto-monitor/README.md
	new file:   engine/machinenativenops-auto-monitor/requirements.txt
	new file:   engine/machinenativenops-auto-monitor/setup.py
	new file:   engine/machinenativenops-auto-monitor/src/machinenativenops_auto_monitor/__pycache__/__init__.cpython-311.pyc
	new file:   engine/machinenativenops-auto-monitor/src/machinenativenops_auto_monitor/__pycache__/alerts.cpython-311.pyc
	new file:   engine/machinenativenops-auto-monitor/src/machinenativenops_auto_monitor/__pycache__/app.cpython-311.pyc
	new file:   engine/machinenativenops-auto-monitor/src/machinenativenops_auto_monitor/__pycache__/collectors.cpython-311.pyc
	new file:   engine/machinenativenops-auto-monitor/src/machinenativenops_auto_monitor/__pycache__/config.cpython-311.pyc
	modified:   engine/machinenativenops-auto-monitor/src/machinenativenops_auto_monitor/alerts.py
	modified:   engine/machinenativenops-auto-monitor/src/machinenativenops_auto_monitor/app.py
	modified:   engine/machinenativenops-auto-monitor/src/machinenativenops_auto_monitor/collectors.py
	new file:   "engine/machinenativenops-auto-monitor/src/machinenativenops_auto_monitor/\345\204\262\345\255\230.py"
	new file:   engine/machinenativenops-auto-monitor/validate.py
	new file:   governance-closed-loop-system.md
	new file:   governance-config.yaml
	new file:   governance-execution-report.json
	new file:   governance-system-implementation.py
	new file:   governance/evidence/active/evidence-bundle-trace-trace-2025-12-22-96C.tar.gz
	new file:   governance/evidence/incoming/trace-2025-12-22-D09/digests.json
	new file:   governance/evidence/incoming/trace-2025-12-22-D09/metadata.json
	new file:   governance/evidence/incoming/trace-trace-2025-12-22-003/digests.json
	new file:   governance/evidence/incoming/trace-trace-2025-12-22-003/metadata.json
	new file:   governance/evidence/incoming/trace-trace-2025-12-22-086/digests.json
	new file:   governance/evidence/incoming/trace-trace-2025-12-22-086/metadata.json
	new file:   governance/evidence/incoming/trace-trace-2025-12-22-2A5/digests.json
	new file:   governance/evidence/incoming/trace-trace-2025-12-22-2A5/metadata.json
	new file:   governance/evidence/incoming/trace-trace-2025-12-22-2C8/digests.json
	new file:   governance/evidence/incoming/trace-trace-2025-12-22-2C8/metadata.json
	new file:   governance/evidence/incoming/trace-trace-2025-12-22-2D4/digests.json
	new file:   governance/evidence/incoming/trace-trace-2025-12-22-2D4/metadata.json
	new file:   governance/evidence/incoming/trace-trace-2025-12-22-388/digests.json
	new file:   governance/evidence/incoming/trace-trace-2025-12-22-388/metadata.json
	new file:   governance/evidence/incoming/trace-trace-2025-12-22-61C/digests.json
	new file:   governance/evidence/incoming/trace-trace-2025-12-22-61C/metadata.json
	new file:   governance/evidence/incoming/trace-trace-2025-12-22-9A2/digests.json
	new file:   governance/evidence/incoming/trace-trace-2025-12-22-9A2/metadata.json
	new file:   governance/evidence/incoming/trace-trace-2025-12-22-9AD/digests.json
	new file:   governance/evidence/incoming/trace-trace-2025-12-22-9AD/metadata.json
	new file:   governance/evidence/incoming/trace-trace-2025-12-22-A15/digests.json
	new file:   governance/evidence/incoming/trace-trace-2025-12-22-A15/metadata.json
	new file:   governance/evidence/incoming/trace-trace-2025-12-22-BFE/digests.json
	new file:   governance/evidence/incoming/trace-trace-2025-12-22-BFE/metadata.json
	new file:   governance/evidence/incoming/trace-trace-2025-12-22-D36/digests.json
	new file:   governance/evidence/incoming/trace-trace-2025-12-22-D36/metadata.json
	new file:   governance/rollback/points/rollback-trace-2025-12-22-96C.json
	new file:   namespace-converter.py
	new file:   namespace-validator.py
	modified:   ops/DIRECTORY.md
	modified:   ops/README.md
	modified:   ops/axiom-axm-gate-fused-v2r1.yaml.txt
	modified:   ops/policies/pipeline.memory.policy.v1.0.0.yaml.txt
	new file:   outputs/supply-chain-evidence/stage01-format_validation.json
	new file:   outputs/supply-chain-evidence/stage02-schema_validation.json
	new file:   outputs/supply-chain-evidence/stage03-dependency_reproducibility.json
	new file:   outputs/supply-chain-evidence/stage04-security_scan.json
	new file:   outputs/supply-chain-evidence/stage05-signature_attestation.json
	new file:   outputs/supply-chain-evidence/stage06-admission_policy.json
	new file:   outputs/supply-chain-evidence/stage07-runtime_monitoring.json
	new file:   outputs/supply-chain-evidence/supply-chain-verification-final-report.json
	new file:   outputs/supply-chain-evidence/supply-chain-verification-final-report.md
	modified:   package-lock.json
	modified:   package.json
	modified:   pyproject.toml
	new file:   root/.github/workflows/teams-orchestrator.yml
	new file:   root/.gitignore
	new file:   root/.local/state/replit/agent/.agent_state_2ed820090d880b890de780202656117ed88a54d7.bin
	new file:   root/.local/state/replit/agent/.agent_state_30bd4787a764162f71a17ad0e2a13d6b06bc6da3.bin
	new file:   root/.local/state/replit/agent/.agent_state_3e16fe2f1273b20c63655b524fbdf8cd06dadf8c.bin
	new file:   root/.local/state/replit/agent/.agent_state_5edf226102629aeeba53d333dfccd331c5700df1.bin
	new file:   root/.local/state/replit/agent/.agent_state_66242b1bcf565cefca087203e5ef4bd149389199.bin
	new file:   root/.local/state/replit/agent/.agent_state_674f13577ef06e0675440a6b9f86231617a6fc7e.bin
	new file:   root/.local/state/replit/agent/.agent_state_9f4b4b0eb1c966db92163fab691920189f48044b.bin
	new file:   root/.local/state/replit/agent/.agent_state_bd9e4b77e26ce59ddaaf1870cac300a1be7ee405.bin
	new file:   root/.local/state/replit/agent/.agent_state_ca4a1e04793e968e11ef101af04c81f2c1581774.bin
	new file:   root/.local/state/replit/agent/.agent_state_ce859aaf6c9849f93bca38c26f7ec5cbf42e66fa.bin
	new file:   root/.local/state/replit/agent/.agent_state_ed4f700b8ad1b7161e3eaf49d2407bd75becdb0c.bin
	new file:   root/.local/state/replit/agent/.agent_state_main.bin
	new file:   root/.local/state/replit/agent/.latest.json
	new file:   root/.local/state/replit/agent/filesystem/filesystem_state.json
	new file:   root/.local/state/replit/agent/progress_tracker.md
	new file:   root/.local/state/replit/agent/repl_state.bin
	new file:   root/.replit
	new file:   root/__pycache__/guardrails_client.cpython-311.pyc
	new file:   root/engine/machinenativenops-auto-monitor/src/machinenativenops_auto_monitor/__pycache__/__init__.cpython-311.pyc
	new file:   root/engine/machinenativenops-auto-monitor/src/machinenativenops_auto_monitor/__pycache__/alerts.cpython-311.pyc
	new file:   root/engine/machinenativenops-auto-monitor/src/machinenativenops_auto_monitor/__pycache__/app.cpython-311.pyc
	new file:   root/engine/machinenativenops-auto-monitor/src/machinenativenops_auto_monitor/__pycache__/collectors.cpython-311.pyc
	new file:   root/engine/machinenativenops-auto-monitor/src/machinenativenops_auto_monitor/__pycache__/config.cpython-311.pyc
	new file:   root/src/machinenativeops.egg-info/PKG-INFO
	new file:   root/src/machinenativeops.egg-info/SOURCES.txt
	new file:   root/src/machinenativeops.egg-info/dependency_links.txt
	new file:   root/src/machinenativeops.egg-info/entry_points.txt
	new file:   root/src/machinenativeops.egg-info/not-zip-safe
	new file:   root/src/machinenativeops.egg-info/requires.txt
	new file:   root/src/machinenativeops.egg-info/top_level.txt
	new file:   root/teams/default-team/orchestrator/services/github_integration.py
	new file:   root/teams/default-team/orchestrator/services/playbook_runner.py
	new file:   root/teams/default-team/playbooks/cd_pipeline.yaml
	new file:   root/teams/default-team/playbooks/ci_pipeline.yaml
	new file:   root/teams/default-team/playbooks/governance_pipeline.yaml
	new file:   root/teams/default-team/playbooks/security_pipeline.yaml
	new file:   root/teams/default-team/profiles/role.cd_deployer.md
	new file:   root/teams/default-team/profiles/role.ci_orchestrator.md
	new file:   root/teams/default-team/profiles/role.code_reviewer.md
	new file:   root/teams/default-team/profiles/role.dependency_updater.md
	new file:   root/teams/default-team/profiles/role.governance_guardian.md
	new file:   root/teams/default-team/profiles/role.security_scanner.md
	new file:   root/teams/default-team/profiles/role.workflow_optimizer.md
	new file:   root/teams/registry.yaml
	new file:   schemas/playbook.schema.json
	new file:   schemas/team.schema.json
	modified:   scripts/namespace-renamer.py
	new file:   scripts/verification/advanced-verification.py
	new file:   scripts/verification/basic-verification.py
	new file:   scripts/verification/production-verification.py
	new file:   scripts/verification/run-all-verifications.py
	modified:   src/canonical/CHANGELOG.md
	modified:   src/core/contract_service/contracts-L1/contracts/package.json
	modified:   src/core/contract_service/contracts-L1/contracts/src/services/provenance.ts
	modified:   src/enterprise/__init__.py
	modified:   src/enterprise/data/__init__.py
	modified:   src/enterprise/data/audit.py
	modified:   src/enterprise/data/metrics.py
	modified:   src/enterprise/data/storage.py
	modified:   src/enterprise/events/__init__.py
	modified:   src/enterprise/events/event_log.py
	modified:   src/enterprise/events/idempotency.py
	modified:   src/enterprise/events/job_queue.py
	modified:   src/enterprise/events/state_machine.py
	modified:   src/enterprise/execution/__init__.py
	modified:   src/enterprise/execution/isolator.py
	modified:   src/enterprise/execution/quota.py
	modified:   src/enterprise/execution/secrets.py
	modified:   src/enterprise/execution/supply_chain.py
	modified:   src/enterprise/iam/__init__.py
	modified:   src/enterprise/iam/models.py
	modified:   src/enterprise/iam/rbac.py
	modified:   src/enterprise/iam/sso.py
	modified:   src/enterprise/iam/tenant_manager.py
	modified:   src/enterprise/integrations/__init__.py
	modified:   src/enterprise/integrations/providers.py
	modified:   src/enterprise/integrations/webhook.py
	modified:   src/enterprise/integrations/writeback.py
	modified:   src/enterprise/reliability/__init__.py
	modified:   src/enterprise/reliability/capacity.py
	modified:   src/enterprise/reliability/degradation.py
	modified:   src/enterprise/reliability/disaster_recovery.py
	modified:   src/enterprise/reliability/versioning.py
	modified:   src/governance/29-docs/canonical-naming-governance-report.md
	modified:   src/governance/29-docs/namespace-advanced-playbook.md
	modified:   src/governance/29-docs/namespace-from-zero.md
	modified:   src/governance/31-schemas/auto-fix-bot-v2.schema.json
	new file:   src/machinenativeops.egg-info/PKG-INFO
	new file:   src/machinenativeops.egg-info/SOURCES.txt
	new file:   src/machinenativeops.egg-info/dependency_links.txt
	new file:   src/machinenativeops.egg-info/entry_points.txt
	new file:   src/machinenativeops.egg-info/not-zip-safe
	new file:   src/machinenativeops.egg-info/requires.txt
	new file:   src/machinenativeops.egg-info/top_level.txt
	modified:   src/mcp-servers/DIRECTORY.md
	new file:   supply-chain-complete-verifier.py
	new file:   teams/README.md
	new file:   teams/default-team/orchestrator/DEPLOYMENT.md
	renamed:    agents/super-agent/Dockerfile -> teams/default-team/orchestrator/Dockerfile
	renamed:    agents/super-agent/README.md -> teams/default-team/orchestrator/README.md
	renamed:    agents/super-agent/__init__.py -> teams/default-team/orchestrator/__init__.py
	new file:   teams/default-team/orchestrator/base/deployment.yaml
	new file:   teams/default-team/orchestrator/base/kustomization.yaml
	renamed:    agents/super-agent/config.py -> teams/default-team/orchestrator/config.py
	renamed:    agents/super-agent/deploy.sh -> teams/default-team/orchestrator/deploy.sh
	renamed:    agents/super-agent/docker-compose.yml -> teams/default-team/orchestrator/docker-compose.yml
	renamed:    agents/super-agent/gate_handler.py -> teams/default-team/orchestrator/gate_handler.py
	renamed:    agents/super-agent/deployment.yaml -> teams/default-team/orchestrator/k8s/base/deployment.yaml
	new file:   teams/default-team/orchestrator/k8s/base/kustomization.yaml
	new file:   teams/default-team/orchestrator/k8s/overlays/dev/kustomization.yaml
	new file:   teams/default-team/orchestrator/k8s/overlays/prod/kustomization.yaml
	new file:   teams/default-team/orchestrator/k8s/overlays/staging/kustomization.yaml
	renamed:    agents/super-agent/main.py -> teams/default-team/orchestrator/main.py
	renamed:    agents/super-agent/mno-super-agent-baseline.yaml -> teams/default-team/orchestrator/mno-super-agent-baseline.yaml
	renamed:    agents/super-agent/models/__init__.py -> teams/default-team/orchestrator/models/__init__.py
	renamed:    agents/super-agent/models/consensus.py -> teams/default-team/orchestrator/models/consensus.py
	renamed:    agents/super-agent/models/incidents.py -> teams/default-team/orchestrator/models/incidents.py
	renamed:    agents/super-agent/models/messages.py -> teams/default-team/orchestrator/models/messages.py
	new file:   teams/default-team/orchestrator/overlays/dev/kustomization.yaml
	new file:   teams/default-team/orchestrator/overlays/dev/namespace.yaml
	new file:   teams/default-team/orchestrator/overlays/prod/kustomization.yaml
	new file:   teams/default-team/orchestrator/overlays/prod/namespace.yaml
	new file:   teams/default-team/orchestrator/overlays/staging/kustomization.yaml
	new file:   teams/default-team/orchestrator/overlays/staging/namespace.yaml
	renamed:    agents/super-agent/pytest.ini -> teams/default-team/orchestrator/pytest.ini
	renamed:    agents/super-agent/requirements.txt -> teams/default-team/orchestrator/requirements.txt
	renamed:    agents/super-agent/services/__init__.py -> teams/default-team/orchestrator/services/__init__.py
	renamed:    agents/super-agent/services/agent_client.py -> teams/default-team/orchestrator/services/agent_client.py
	renamed:    agents/super-agent/services/audit_trail.py -> teams/default-team/orchestrator/services/audit_trail.py
	renamed:    agents/super-agent/services/consensus.py -> teams/default-team/orchestrator/services/consensus.py
	renamed:    agents/super-agent/services/event_store.py -> teams/default-team/orchestrator/services/event_store.py
	new file:   teams/default-team/orchestrator/services/github_integration.py
	new file:   teams/default-team/orchestrator/services/playbook_runner.py
	renamed:    agents/super-agent/services/state_machine.py -> teams/default-team/orchestrator/services/state_machine.py
	renamed:    agents/super-agent/test_super_agent.py -> teams/default-team/orchestrator/test_super_agent.py
	renamed:    agents/super-agent/tests/__init__.py -> teams/default-team/orchestrator/tests/__init__.py
	renamed:    agents/super-agent/tests/conftest.py -> teams/default-team/orchestrator/tests/conftest.py
	renamed:    agents/super-agent/tests/test_api.py -> teams/default-team/orchestrator/tests/test_api.py
	renamed:    agents/super-agent/tests/test_models.py -> teams/default-team/orchestrator/tests/test_models.py
	renamed:    agents/super-agent/tests/test_services.py -> teams/default-team/orchestrator/tests/test_services.py
	renamed:    agents/super-agent/tests/test_utils.py -> teams/default-team/orchestrator/tests/test_utils.py
	renamed:    agents/super-agent/utils/__init__.py -> teams/default-team/orchestrator/utils/__init__.py
	renamed:    agents/super-agent/utils/circuit_breaker.py -> teams/default-team/orchestrator/utils/circuit_breaker.py
	renamed:    agents/super-agent/utils/metrics.py -> teams/default-team/orchestrator/utils/metrics.py
	renamed:    agents/super-agent/utils/retry.py -> teams/default-team/orchestrator/utils/retry.py
	renamed:    agents/super-agent/utils/structured_logging.py -> teams/default-team/orchestrator/utils/structured_logging.py
	new file:   teams/default-team/playbooks/boot.yaml
	new file:   teams/default-team/playbooks/cd_pipeline.yaml
	new file:   teams/default-team/playbooks/ci_pipeline.yaml
	new file:   teams/default-team/playbooks/governance_pipeline.yaml
	new file:   teams/default-team/playbooks/on_chat_message.yaml
	new file:   teams/default-team/playbooks/on_run_created.yaml
	new file:   teams/default-team/playbooks/security_pipeline.yaml
	new file:   teams/default-team/profiles/role.career_counselor.md
	new file:   teams/default-team/profiles/role.cd_deployer.md
	new file:   teams/default-team/profiles/role.ci_orchestrator.md
	new file:   teams/default-team/profiles/role.code_reviewer.md
	new file:   teams/default-team/profiles/role.data_visualizer.md
	new file:   teams/default-team/profiles/role.dependency_updater.md
	new file:   teams/default-team/profiles/role.devrel_consultant.md
	new file:   teams/default-team/profiles/role.fullstack_developer.md
	new file:   teams/default-team/profiles/role.governance_guardian.md
	new file:   teams/default-team/profiles/role.it_architect.md
	new file:   teams/default-team/profiles/role.it_support.md
	new file:   teams/default-team/profiles/role.journal_reviewer.md
	new file:   teams/default-team/profiles/role.ml_engineer.md
	new file:   teams/default-team/profiles/role.security_expert.md
	new file:   teams/default-team/profiles/role.security_scanner.md
	new file:   teams/default-team/profiles/role.senior_frontend_dev.md
	new file:   teams/default-team/profiles/role.startup_lawyer.md
	new file:   teams/default-team/profiles/role.statistician.md
	new file:   teams/default-team/profiles/role.tech_reviewer.md
	new file:   teams/default-team/profiles/role.tech_writer.md
	new file:   teams/default-team/profiles/role.ux_ui_developer.md
	new file:   teams/default-team/profiles/role.web_design_consultant.md
	new file:   teams/default-team/profiles/role.workflow_optimizer.md
	new file:   teams/default-team/team.yaml
	new file:   teams/registry.yaml
	new file:   tests/test_semantic_version.py
	new file:   tests/unit/test_enterprise_iam_sso.py
	new file:   tools/namespace-converter.py
	new file:   tools/namespace-validator.py
	new file:   tools/verify-namespace-alignment.py
	modified:   uv.lock
	new file:   validation-report-final.md
	new file:   validation-report-new.md
	modified:   wrangler.toml

Unmerged paths:
  (use "git add <file>..." to mark resolution)
	both modified:   .github/workflows/deploy-cloudflare.yml
	both modified:   axiom-namespace-migration-plan.md
	both modified:   config/ci-cd/auto-fix-bot.yml
	both modified:   config/integrations/knowledge-graph-integration.yaml
	both modified:   docs/refactor_playbooks/config/legacy-scratch-processor.yaml
	both modified:   docs/refactor_playbooks/config/refactor-engine-config.yaml
	both modified:   engine/machinenativenops-auto-monitor/src/machinenativenops_auto_monitor/__init__.py
	both modified:   engine/machinenativenops-auto-monitor/src/machinenativenops_auto_monitor/__main__.py
	both modified:   engine/machinenativenops-auto-monitor/src/machinenativenops_auto_monitor/config.py
	both added:      mno-namespace.yaml
	both modified:   root.specs.references.yaml
	both modified:   src/autonomous/infrastructure/config/auto-fix-bot.yml
	both modified:   src/canonical/machine-spec.yaml
	both modified:   src/core/_scratch/axiom-global-baseline-v2-15-layers (4).yaml
	both modified:   src/governance/34-config/naming/canonical-naming-machine-spec.yaml
	both modified:   src/governance/34-config/naming/namespace-mapping.yaml

Untracked files:
  (use "git add <file>..." to include in what will be committed)
	MachineNativeOps/
	axm-tools/
	current-repo/
	machine-native-ops-aaps-fresh/
	machine-native-ops-aaps-new/
	machine-native-ops-aaps/
	outputs/workspace_output_1766458409_9900.txt
	outputs/workspace_output_1766458414_9852.txt
	outputs/workspace_output_1766458418_3883.txt
	outputs/workspace_output_1766458422_6560.txt
	outputs/workspace_output_1766458426_2711.txt
	outputs/workspace_output_1766458429_6600.txt
	outputs/workspace_output_1766458434_7167.txt
	outputs/workspace_output_1766458438_4284.txt
	outputs/workspace_output_1766458442_4000.txt
	outputs/workspace_output_1766458445_14.txt
	outputs/workspace_output_1766458450_9489.txt
	outputs/workspace_output_1766458471_3772.txt
	outputs/workspace_output_1766458479_7835.txt
	outputs/workspace_output_1766458483_50.txt
	outputs/workspace_output_1766458490_8877.txt
	outputs/workspace_output_1766458495_3143.txt
	outputs/workspace_output_1766458498_5358.txt
	outputs/workspace_output_1766458511_2526.txt
	outputs/workspace_output_1766458525_2924.txt
	outputs/workspace_output_1766458529_1117.txt
	outputs/workspace_output_1766458534_4962.txt
	outputs/workspace_output_1766458538_3719.txt
	outputs/workspace_output_1766458554_6531.txt
	outputs/workspace_output_1766458598_8065.txt
	outputs/workspace_output_1766458603_5277.txt
	outputs/workspace_output_1766458608_1568.txt
	outputs/workspace_output_1766458613_1539.txt
	outputs/workspace_output_1766458619_6503.txt
	outputs/workspace_output_1766458627_5828.txt
	outputs/workspace_output_1766458637_5022.txt
	outputs/workspace_output_1766458659_4786.txt
	outputs/workspace_output_1766458664_723.txt
	outputs/workspace_output_1766458669_3818.txt
	outputs/workspace_output_1766458673_745.txt
	outputs/workspace_output_1766458676_6298.txt
	outputs/workspace_output_1766458680_3886.txt
	outputs/workspace_output_1766458684_2878.txt
	outputs/workspace_output_1766458689_1978.txt
	outputs/workspace_output_1766458694_9129.txt
	reference-repo/

